{
  "Buckingham": {
    "De": 0,
    "max": [
      145137955.15878353,
      3.372536919095719,
      8.619530825289706
    ],
    "min": [
      0.0,
      0.0,
      -0.0009521032210909802
    ],
    "n": 3,
    "re": "1"
  },
  "Cahill": {
    "De": 5,
    "max": [
      143658555.1806476,
      4.942082316382006,
      7.584501763949449,
      161387573148131.78,
      8.174342764238077e+24,
      1712501.7231819725
    ],
    "min": [
      -9.940238282947103,
      0.0,
      -46143.36868734782,
      -5.726358984099521e+20,
      -1.6413882935994218e+16,
      -45254.8049245442
    ],
    "n": 6
  },
  "Deng_Fan": {
    "De": 0,
    "max": [
      642884.9489154354,
      2.7358570729067018,
      3.3705295504503225
    ],
    "min": [
      0.0,
      -0.9175037664415328,
      0.0
    ],
    "n": 3,
    "re": "2"
  },
  "Frost_Musulin": {
    "De": 3,
    "max": [
      3.441800554733517,
      24438024.754793208,
      276296420.2057981,
      275462424.9017894
    ],
    "min": [
      0.0,
      0.0,
      0.0,
      0.0
    ],
    "n": 4
  },
  "Harmonic": {
    "De": 0,
    "max": [
      1213603.589439638,
      3.4752648477782064
    ],
    "min": [
      0.0,
      0.0
    ],
    "n": 2,
    "re": "1"
  },
  "Hulburt_Hirschfelder": {
    "De": 4,
    "max": [
      3.3708563578460886,
      129.91669470633195,
      119.78328560225103,
      3.847545294928076,
      114454.6061916502
    ],
    "min": [
      -1.8240725503054747,
      -1.7745274151690111,
      -35.81868031021571,
      0.0,
      0.0
    ],
    "n": 5,
    "re": "0"
  },
  "Kratzer": {
    "De": 0,
    "max": [
      700255.9470005038,
      3.414959230718217
    ],
    "min": [
      0.0,
      0.0
    ],
    "n": 2,
    "re": "1"
  },
  "Lennard_Jones": {
    "De": 0,
    "max": [
      38924.708665929036,
      3.294387011085225
    ],
    "min": [
      0.0,
      0.0
    ],
    "n": 2,
    "re": "1"
  },
  "Levine": {
    "De": 0,
    "max": [
      441061185.8562061,
      3.3705884373480766,
      625.2132778532082,
      5.507601429004
    ],
    "min": [
      0.0,
      0.0,
      -104.88096816385479,
      0.0
    ],
    "n": 4,
    "re": "1"
  },
  "Linnett": {
    "De": 3,
    "max": [
      4355053.171657508,
      24546203.843867783,
      6.791569342181122,
      24491536.0463399
    ],
    "min": [
      -1567300.8067062264,
      -128802562.57677077,
      0.0,
      -3051.2431198083596
    ],
    "n": 4
  },
  "Lippincott": {
    "De": 1,
    "max": [
      1897823247.836722,
      81.96327355743033,
      3.4452272393567656
    ],
    "min": [
      0.0,
      0.0,
      0.0
    ],
    "n": 3,
    "re": "2"
  },
  "Morse": {
    "De": 0,
    "max": [
      1153521072886.4531,
      2.9989429734591315,
      3.3704856845063413
    ],
    "min": [
      0.0,
      0.0,
      0.0
    ],
    "n": 3,
    "re": "2"
  },
  "Murrell_Sorbie": {
    "De": 0,
    "max": [
      1699024095.9720542,
      9.25314477231117,
      30.971814848668345,
      20613.29389324231,
      3.3702376464422836
    ],
    "min": [
      0.0,
      -0.48208154074886467,
      -2537277984.900145,
      -1906.0113172591082,
      -1.0153753998752757
    ],
    "n": 5,
    "re": "4"
  },
  "Noorizadeh": {
    "De": 4,
    "max": [
      3222678904.812714,
      24.592845204474447,
      102.803732134584,
      12.985695831056264,
      17303143.43650992
    ],
    "min": [
      0.0,
      0.0,
      -4507289912407.049,
      0.0,
      0.0
    ],
    "n": 5
  },
  "Poschl_Teller": {
    "De": 3,
    "max": [
      4386126.245368636,
      2.9913240452179806,
      183973578.12804148,
      183673927.53070122
    ],
    "min": [
      0.0,
      0.0,
      0.0,
      0.0
    ],
    "n": 4
  },
  "Pseudo_Gaussian": {
    "De": 0,
    "max": [
      195906892.777804,
      5.143156265615917,
      3.370877929017999
    ],
    "min": [
      0.0,
      0.0,
      0.0
    ],
    "n": 3,
    "re": "2"
  },
  "Rafi": {
    "De": 4,
    "max": [
      78391957.33232409,
      1169.1457684207865,
      45016487152996.2,
      11.006803497435019,
      614720.9062447863
    ],
    "min": [
      -86146.4302705026,
      0.0,
      -12680622.496150777,
      0.0,
      -35692457.497380376
    ],
    "n": 5
  },
  "Rosen_Morse": {
    "De": 3,
    "max": [
      50851120.78792328,
      2.3982980491519306,
      26511176.372394573,
      50895601.54617781
    ],
    "min": [
      -33778336.953125976,
      -1.6046844544652878,
      0.0,
      0.0
    ],
    "n": 4
  },
  "Rydberg": {
    "De": 0,
    "max": [
      1049596092.1055831,
      4.4891757786768025,
      3.3705535470166907
    ],
    "min": [
      0.0,
      0.0,
      0.0
    ],
    "n": 3,
    "re": "2"
  },
  "Sun": {
    "De": 0,
    "max": [
      298445440.21653754,
      2456.32467604108,
      120751.67828357415,
      1831.8445908525619,
      323607.0003570935,
      3642.237202479842,
      411478.6954742888,
      3.370249643658757
    ],
    "min": [
      0.0,
      -0.21756471120129414,
      -531.9519867317408,
      -138755.68221564955,
      -249954.54930384597,
      -469003.39092726714,
      -1912745.093437142,
      0.0
    ],
    "n": 8,
    "re": "7"
  },
  "Tang2003a": {
    "De": 5,
    "max": [
      3.240501222124988,
      657641.4381036747,
      76332997.18345968,
      15080221633.773754,
      159.1257569124684,
      2.508395542021594
    ],
    "min": [
      0.0,
      -306.7769665729963,
      -2.805451015984347,
      -9011918.372330904,
      0.0,
      0.0
    ],
    "n": 6
  },
  "Tietz_I": {
    "De": 0,
    "max": [
      177032198482.56754,
      3.3719375462379575,
      53010.41037759794,
      108.38995871730997,
      366.88867998731564
    ],
    "min": [
      0.0,
      0.0,
      -35169.90194655521,
      -104.02635519362715,
      -517.7732830048952
    ],
    "n": 5,
    "re": "1"
  },
  "Tietz_II": {
    "De": 0,
    "max": [
      2742923.399811258,
      11701245.586550104,
      10483.519289120215,
      5.555046800805688,
      1504.2728553469879
    ],
    "min": [
      0.0,
      -1577.4673576789924,
      0.0,
      0.0,
      -1.8896522580024042
    ],
    "n": 5
  },
  "Valence_State": {
    "De": 0,
    "max": [
      36308833.35595206,
      6.398571878146056,
      2032526657.6002104,
      2031997742.376132
    ],
    "min": [
      0.0,
      0.0,
      0.0,
      0.0
    ],
    "n": 4
  },
  "Varshni": {
    "De": 0,
    "max": [
      1276724.5439203964,
      1.1510957201740284,
      3.3707519688014758
    ],
    "min": [
      0.0,
      -0.12860513974566432,
      0.0
    ],
    "n": 3,
    "re": "2"
  },
  "Wang_Buckingham": {
    "De": 0,
    "max": [
      71543.9088031141,
      3.3699755696027345,
      7.639039355583002
    ],
    "min": [
      0.0,
      0.0,
      -0.00019266816532978958
    ],
    "n": 3,
    "re": "1"
  },
  "Wei_Hua": {
    "De": 0,
    "max": [
      333335.69138829195,
      5.6983391739464295,
      3.3706514393343907,
      0.989259007226485
    ],
    "min": [
      0.0,
      0.0,
      0.0,
      -0.41394329218929965
    ],
    "n": 4,
    "re": 2
  },
  "Xie2005a": {
    "max": [
      1.506,
      18.516733888617004,
      6531.239235206763,
      6.037740587134456
    ],
    "min": [
      0.0,
      0.0,
      -4.158013315975202e-08,
      0.0
    ],
    "n": 4
  }
}
